Country Name;Country Code;Indicator Name;Indicator Code;1960;1961;1962;1963;1964;1965;1966;1967;1968;1969;1970;1971;1972;1973;1974;1975;1976;1977;1978;1979;1980;1981;1982;1983;1984;1985;1986;1987;1988;1989;1990;1991;1992;1993;1994;1995;1996;1997;1998;1999;2000;2001;2002;2003;2004;2005;2006;2007;2008;2009;2010;2011;2012;2013;2014;2015;2016;2017;2018;2019;2020;2021;
United States;USA;GDP (current US$);NY.GDP.MKTP.CD;543300000000;563300000000;605100000000;638600000000;685800000000;743700000000;815000000000;861700000000;942500000000;1019900000000;1073303000000;1164850000000;1279110000000;1425376000000;1545243000000;1684904000000;1873412000000;2081826000000;2351599000000;2627333000000;2857307000000;3207041000000;3343789000000;3634038000000;4037613000000;4338979000000;4579631000000;4855215000000;5236438000000;5641580000000;5963144000000;6158129000000;6520327000000;6858559000000;7287236000000;7639749000000;8073122000000;8577554457000;9062818202000;9631174489000;10250947997000;10581929774000;10929112955000;11456442041000;12217193198000;13039199193000;13815586948000;14474226905000;14769857911000;14478064934000;15048964444000;15599728123000;16253972230000;16843190993000;17550680174000;18206020741000;18695110842000;19479620056000;20527156026000;21372572437000;20893743833000;22996100000000;
Russian Federation;RUS;GDP (current US$);NY.GDP.MKTP.CD;;;;;;;;;;;;;;;;;;;;;;;;;;;;;554713455149.502;506500173960.269;516814274021.956;517962962962.963;460290556900.726;435083713850.837;395077301248.464;395537185734.854;391724890744.498;404928954191.876;270955486862.442;195907128350.934;259710142196.943;306602070620.5;345470494417.863;430347770731.787;591016690742.798;764017107992.391;989930542278.695;1299705764823.62;1660846387624.78;1222644282201.86;1524917468442.01;2045925608274.37;2208295773643.15;2292473246621.08;2059241965490.83;1363481063446.77;1276786979221.81;1574199387070.9;1657329646183.62;1693113904262.89;1488321875489.74;1775799919352.98;
Saudi Arabia;SAU;GDP (current US$);NY.GDP.MKTP.CD;;;;;;;;;4187777711.11111;4485777644.44444;5377268848.44444;7184863276.49996;9664067929.69504;14947491056.4938;45412971909.8592;46773303721.2872;64005623869.6884;74188363504.5814;80265732292.0344;111859726428.231;164541658298.013;184291888768.662;153238991867.452;129171602026.049;119624918955.732;103897892810.602;86962013011.0721;85695941759.6796;88256162069.4259;95344352822.4299;117630271802.403;132223268491.322;137087876662.216;132967901415.22;135174886488.652;143343036341.789;158662398744.993;165963557409.88;146775498080;161716960000;189514926213.333;184137469733.333;189605920240;215807655253.333;258742263040;328459700114.755;376900135727.637;415964583055.37;519796738640;429097899280;528207332649.536;671238840108.229;735974843348.664;746647127407.619;756350347320.381;654269739552.019;644935682011.475;688586094412.68;816578674529.141;803616264791.024;703367841222.555;833541236569.315;
China;CHN;GDP (current US$);NY.GDP.MKTP.CD;59716467625.3148;50056868957.6732;47209359005.6057;50706799902.5104;59708343488.5043;70436266146.7219;76720285969.6157;72881631326.6715;70846535055.6503;79705906247.4612;92602973434.0726;99800958648.1436;113687586299.051;138544284708.957;144182133387.722;163431551779.761;153940455341.506;174938098826.569;149540752829.268;178280594413.043;191149211575;195866382432.54;205089699858.779;230686747153.257;259946510957.143;309488028132.653;300758100107.246;272972974764.574;312353631207.819;347768051311.741;360857912565.966;383373318083.624;426915712715.856;444731282435.515;564324670008.238;734547898224.101;863746717507.397;961603952954.233;1029043097558.91;1093997267277.1;1211346869600.41;1339395718862.89;1470550015077.93;1660287965663.89;1955347004965.69;2285965892364.2;2752131773358.92;3550342737009.53;4594307032667.98;5101703073088.97;6087163874510.73;7551500124197.17;8532229986993.65;9570406235659.64;10475682920597.7;11061553079871.5;11233276536744.7;12310409370894.2;13894817549380.3;14279937500608;14687673892882;17734062645371.4;
Iran, Islamic Rep.;IRN;GDP (current US$);NY.GDP.MKTP.CD;4199134389.9037;4426949094.8403;4693566416.48346;4928628018.38759;5379845647.70139;6197319929.04038;6789938671.75094;7555383690.16;8623172959.89803;9743089607.49587;10976245153.5894;13731801564.0908;17153463263.1086;27081698249.5083;46209092072.1383;51776222349.8869;68055295080.7538;80600122701.9632;77994316621.4814;90391877325.9285;94362275580.0229;100499312749.923;125948756439.485;156365156618.241;162276728619.519;180183629599.684;209094561833.48;134009995923.169;123057861333.908;120496362916.271;124813263926.225;;;63743623232.012;71841461172.5964;96419225743.6737;120403931885.441;113919163421.155;110276913362.508;113848450088.351;109591707802.216;126878750295.944;128626917503.72;153544751395.43;190043433964.841;226452138291.542;266298911661.144;349881601458.56;412336172446.849;416397025729.361;486807615326.147;626133114526.806;644035510447.901;492775565649.562;460382791826.34;408212918053.939;457954614142.539;486630146443.617;330991589888.991;291362916336.415;231547571240.469;;
Iraq;IRQ;GDP (current US$);NY.GDP.MKTP.CD;1684121534.58415;1831700364.04369;1954634836.18034;1978437692.5231;2340521142.5371;;;;2896947633.71605;3008120974.51694;3281713805.65668;3865346534.65347;4113848002.40312;5134367778.1446;11516762614.2906;13458516762.6143;17754825601.0836;19838130714.5276;23762275651.8794;37816457839.4853;52569000000;37823000000;42382333333.3333;40712903225.8064;46938387096.7742;48425161290.3226;47264516129.0323;56774193548.3871;62684516129.0323;65831935483.871;180408064516.129;407796349.663785;553671957.671958;1031944881.13189;3991349282.75729;12894029888.1122;10433698621.3427;20764857056.3795;20617405044.2425;36881601583.8194;48364250943.9051;36176430128.8057;32928454672.4246;21921569478.8163;36627901762.063;49954890353.2609;65140147197.1215;88837055195.2619;131614433712.245;111657581662.35;138516722649.573;185749664444.444;218002481737.691;234637675128.645;228415656174.957;166774109673.732;166602488747.885;187217660050.676;227367469034.031;233636097800.338;184369797315.436;207889333724.138;
United Arab Emirates;ARE;GDP (current US$);NY.GDP.MKTP.CD;;;;;;;;;;;;;;;;14720672506.5004;19213022691.0526;24871775164.6043;23775831783.4263;31225463217.7582;43598748449.0479;49333424135.1131;46622718605.2847;42803323345.1376;41807954235.903;40603650231.5445;33943612094.7971;36384908744.2114;36275674203.2144;41464995913.9199;50701443748.2975;51552165622.4462;54239171887.769;55625170253.337;59305093979.842;65743666575.8649;73571233996.1863;78839008444.5655;75674336283.1858;84445473110.9598;104337372362.151;103311640571.818;109816201497.617;124346358066.712;147824370319.946;180617467964.602;222116541865.214;257916133424.098;315474615738.598;253547358747.447;289787452661.511;350666058392.172;374590657683.251;390107528483.058;403137207534.971;358134944420.504;357045156018.56;385605506854.881;422215043584.969;417215559513.364;358868765174.924;;
Kuwait;KWT;GDP (current US$);NY.GDP.MKTP.CD;;;;;;2097451694.2033;2391486978.43741;2441893027.16326;2663119574.34892;2769532343.88127;2873984878.18538;3880370401.57259;4451200972.9401;5408293998.65138;13004774556.6166;12024138275.8621;13131668946.6484;14135729588.2763;15500908760.4507;24746019536.903;28638550499.4451;25056672166.4275;21577977770.059;20869434305.3173;21697297872.3404;21442619680.8511;17903681693.0489;22365734481.5213;20692472759.8566;24312117767.1886;18427777777.7778;11008793176.2223;19858555214.7239;23941391390.7285;24848483838.3838;27191353887.3995;31493319973.2799;30355093966.3699;25939960629.9213;30123850197.1091;37712842242.5033;34887512226.9319;38137545245.1464;47876510067.1141;59439090600.6108;80798630136.9863;101548931771.192;114639690358.902;147395089285.714;105963168867.269;115419399860.433;154068115942.029;174070382279.385;174161142454.161;162631412508.784;114567298105.683;109419728566.7;120707435542.367;138182400493.585;136196760180.976;105960225688.145;;
Canada;CAN;GDP (current US$);NY.GDP.MKTP.CD;40461721692.6468;40934952063.9468;42227447631.9159;45029988561.2124;49377522896.703;54515179580.7148;61088384036.6515;65668655501.1254;71829810519.8955;79148411661.6902;87896095320.1263;99271961774.6088;113082820486.918;131321858814.119;160408697341.513;173834029689.343;206575564908.722;211612157028.679;218632867537.477;243072102612.259;273853826548.067;306214863624.99;313506525087.136;340547711781.889;355372558103.621;364756499450.751;377437927311.983;431316742081.448;507354351182.254;565055743243.243;593929550908.468;610328183643.188;592387689252.916;577170761956.438;578139279437.61;604031623433.401;628546387972.131;654986999855.554;634000000000;678412196271.118;744773415931.587;738981792355.372;760649334098.005;895540646634.787;1026690238278.25;1173108598778.68;1319264809590.97;1468820407783.26;1552989690721.65;1374625142157.29;1617343367486.26;1793326630174.52;1828366481521.6;1846597421834.98;1805749878439.94;1556508816217.14;1527994741907.43;1649265644244.09;1725329192783.02;1742015045482.31;1645423407568.36;1990761609665.23;
United States;USA;Oil production (TWh);;4046.94921875;4120.5439453125;4206.09423828125;4326.37158203125;4379.962890625;4974.08642578125;5286.287109375;5631.49755859375;5848.498046875;5947.0205078125;6204.48681640625;6116.07568359375;6139.3359375;5985.40625;5715.05517578125;5463.4296875;5326.3056640625;5382.40771484375;5631.31201171875;5547.4091796875;5584.6494140625;5568.40576171875;5590.8115234375;5616.85546875;5770.068359375;5799.94091796875;5609.49169921875;5434.2373046875;5338.890625;4989.65478515625;4845.2587890625;4918.28857421875;4803.560546875;4617.185546875;4506.61767578125;4460.72998046875;4443.333984375;4418.8193359375;4281.3466796875;4101.0400390625;4042.36572265625;4006.635009765625;3976.351318359375;3867.6064453125;3783.901611328125;3593.532470703125;3541.3720703125;3546.877197265625;3514.843505859375;3751.67919921875;3874.4775390625;4028.886962890625;4596.7001953125;5218.1962890625;6101.787109375;6595.638671875;6310.3583984375;6677.1865234375;7781.12060546875;8721.2802734375;8275.333984375;8270.3798828125;
Russian Federation;RUS;Oil production (TWh);;;;;;;;;;;;;;;;;;;;;;;;;;;6307.0185546875;6526.546875;6623.06396484375;6614.89990234375;6422.38818359375;5999.8125;5372.40869140625;4638.16015625;4127.1962890625;3693.43212890625;3614.010986328125;3522.4130859375;3575.294677734375;3539.47412109375;3544.451904296875;3798.94677734375;4090.033447265625;4462.376953125;4951.05126953125;5388.0732421875;5522.14990234375;5655.13671875;5783.958984375;5748.17626953125;5830.85009765625;5958.23095703125;6041.3623046875;6125.935546875;6189.76025390625;6250.20166015625;6333.14404296875;6495.11181640625;6495.89794921875;6604.50146484375;6668.51220703125;6098.8212890625;6238.865234375;
Saudi Arabia;SAU;Oil production (TWh);;750.4141235351562;854.0723266601562;948.2520751953125;1031.918212890625;1099.8026123046875;1291.211181640625;1523.1673583984375;1643.1688232421875;1793.610595703125;1892.7928466796875;2234.95458984375;2800.4423828125;3538.2236328125;4466.08984375;4996.7958984375;4179.08935546875;5085.3408203125;5447.44580078125;4936.23095703125;5675.56640625;5929.0126953125;5888.818359375;3956.3427734375;2794.450439453125;2547.398681640625;2001.2021484375;2937.739501953125;2484.262451171875;3178.578857421875;3153.7421875;3984.94580078125;4981.66162109375;5141.365234375;4992.8828125;5026.3212890625;5015.58740234375;5087.3779296875;5024.416015625;5178.77685546875;4751.15673828125;5099.9453125;4974.1142578125;4536.3173828125;5355.6123046875;5731.11669921875;6008.3857421875;5918.978515625;5686.3701171875;5930.99951171875;5338.25439453125;5388.18701171875;6079.0068359375;6387.4931640625;6261.744140625;6324.66796875;6606.2373046875;6823.462890625;6504.88427734375;6708.38916015625;6472.83935546875;6042.7490234375;5989.71728515625;
China;CHN;Oil production (TWh);;63.96500015258789;72.10600280761719;79.08399963378906;87.2249984741211;98.8550033569336;131.53529357910156;169.2165069580078;161.4243927001953;185.9636993408203;252.83619689941406;356.4595031738281;458.3382873535156;531.14208984375;623.4843139648438;754.2055053710938;896.2078247070312;1013.6707763671875;1089.033203125;1210.1014404296875;1234.5245361328125;1232.198486328125;1177.1885986328125;1187.6556396484375;1233.5941162109375;1332.914306640625;1452.5870361328125;1519.9246826171875;1560.0482177734375;1593.8914794921875;1600.753173828125;1608.5452880859375;1639.7137451171875;1651.9251708984375;1675.06884765625;1698.910400390625;1733.1025390625;1843.587646484375;1862.3118896484375;1862.8934326171875;1863.358642578125;1891.2706298828125;1916.972900390625;1940.651611328125;1972.2735595703125;2024.213134765625;2109.13427734375;2148.8251953125;2166.880615234375;2214.8125;2203.768798828125;2361.052734375;2359.442138671875;2412.96923828125;2441.826416015625;2458.919189453125;2495.332763671875;2322.336669921875;2227.21484375;2201.838134765625;2228.633544921875;2265.16357421875;2312.986083984375;
Iran, Islamic Rep.;IRN;Oil production (TWh);;622.100341796875;689.7171630859375;765.358642578125;855.4678955078125;984.0375366210938;1112.550048828125;1243.1639404296875;1517.8028564453125;1660.533935546875;1968.5372314453125;2239.786376953125;2659.602294921875;2950.658203125;3435.2353515625;3526.183349609375;3133.934814453125;3453.717041015625;3321.852294921875;3079.857177734375;1866.4425048828125;862.4578247070312;769.4381103515625;1396.675048828125;1428.5645751953125;1192.287109375;1283.38330078125;1194.3988037109375;1357.5194091796875;1365.1671142578125;1672.8421630859375;1893.234619140625;2027.933349609375;2043.1451416015625;2143.338623046875;2151.369873046875;2156.859130859375;2170.6435546875;2174.375732421875;2218.859375;2071.505126953125;2229.066650390625;2207.431640625;2083.1982421875;2350.304443359375;2428.723876953125;2417.540771484375;2449.531005859375;2480.164306640625;2505.398193359375;2409.959716796875;2465.9384765625;2471.704345703125;2098.968505859375;1973.28564453125;2024.1607666015625;2096.225341796875;2513.760009765625;2697.528076171875;2549.83203125;1841.3509521484375;1665.99462890625;1949.8636474609375;
Iraq;IRQ;Oil production (TWh);;552.0411987304688;569.6257934570312;571.8238525390625;659.0604858398438;716.7219848632812;752.1753540039062;797.431884765625;703.4815673828125;863.3792114257812;871.3318481445312;887.3721313476562;970.43798828125;842.125;1156.047119140625;1131.33203125;1299.1064453125;1390.0804443359375;1348.989501953125;1472.1065673828125;1996.280517578125;1524.38037109375;517.583984375;564.1025390625;632.1402587890625;704.0628051757812;812.226318359375;1083.797607421875;1363.6878662109375;1589.812255859375;1616.1876220703125;1224.6495361328125;162.15609741210938;304.0845642089844;259.7210693359375;288.36444091796875;302.6861572265625;332.23199462890625;664.5896606445312;1211.6783447265625;1491.8106689453125;1497.8922119140625;1440.634033203125;1208.0496826171875;767.864990234375;1162.372802734375;1045.9281005859375;1139.989501953125;1222.18994140625;1387.678955078125;1392.5465087890625;1405.062255859375;1579.3668212890625;1759.795166015625;1767.0057373046875;1846.958984375;2275.0126953125;2530.714599609375;2586.301025390625;2640.15478515625;2723.979736328125;2349.7001953125;2335.6455078125;
United Arab Emirates;ARE;Oil production (TWh);;;;9.280739784240723;28.214380264282227;105.78648376464844;158.93922424316406;202.75732421875;215.20437622070312;280.458740234375;353.58624267578125;439.082275390625;596.72607421875;679.2342529296875;863.1829833984375;945.412353515625;937.0767822265625;1093.5982666015625;1125.703125;1030.9652099609375;1031.0716552734375;974.6627807617188;861.6279907226562;749.4656372070312;705.9224243164062;676.1817016601562;650.8159790039062;751.535888671875;793.1449584960938;837.8946533203125;989.44775390625;1083.3515625;1242.6837158203125;1368.617431640625;1330.020751953125;1341.041259765625;1330.603271484375;1359.7685546875;1364.2869873046875;1413.2999267578125;1302.8958740234375;1413.316650390625;1377.1502685546875;1267.883544921875;1467.5858154296875;1526.739013671875;1588.11083984375;1693.980224609375;1670.5733642578125;1689.221435546875;1503.9122314453125;1572.53466796875;1750.2947998046875;1817.1358642578125;1892.977294921875;1900.3023681640625;2047.6063232421875;2121.07470703125;2049.489013671875;2054.865966796875;2099.728759765625;1937.3572998046875;1911.746337890625;
Kuwait;KWT;Oil production (TWh);;986.4566040039062;1010.681884765625;1141.3681640625;1223.371337890625;1346.672607421875;1384.1021728515625;1460.2218017578125;1469.9429931640625;1548.2808837890625;1638.7596435546875;1765.421630859375;1890.4505615234375;1946.2716064453125;1788.6990966796875;1510.39306640625;1236.849365234375;1278.262939453125;1172.068359375;1265.1077880859375;1507.4765625;1009.875;681.796142578125;496.1856994628906;639.7145385742188;706.2559814453125;645.3428344726562;690.7674560546875;606.0975952148438;733.2275390625;795.6162719726562;544.2466430664062;107.19351959228516;627.5028686523438;1123.2484130859375;1202.0443115234375;1219.8583984375;1222.6141357421875;1222.4786376953125;1279.3380126953125;1192.730224609375;1278.00244140625;1238.98486328125;1148.577392578125;1344.4739990234375;1433.8255615234375;1516.6807861328125;1555.5902099609375;1512.24755859375;1584.2684326171875;1407.5665283203125;1435.0906982421875;1638.555419921875;1790.64892578125;1761.1346435546875;1747.1170654296875;1724.1123046875;1776.30029296875;1685.98681640625;1707.854248046875;1667.531494140625;1515.858154296875;1524.609130859375;
Canada;CAN;Oil production (TWh);;296.669677734375;345.6668701171875;382.2199401855469;403.03765869140625;429.5773010253906;510.2566833496094;560.7073364257812;612.9142456054688;664.2978515625;723.5958251953125;814.8895263671875;874.1546630859375;1008.473876953125;1166.658935546875;1097.715576171875;948.7265625;875.7927856445312;878.9293823242188;874.458251953125;1003.3732299804688;968.4241333007812;876.4554443359375;867.1809692382812;913.6585083007812;974.7762451171875;996.5191650390625;997.1099243164062;1050.1236572265625;1105.9544677734375;1077.1761474609375;1078.7738037109375;1084.084716796875;1129.96826171875;1189.5296630859375;1240.8297119140625;1301.4705810546875;1342.7244873046875;1403.7891845703125;1454.7723388671875;1407.192138671875;1454.7484130859375;1467.3572998046875;1546.8189697265625;1635.5126953125;1688.1900634765625;1659.3553466796875;1756.111328125;1810.46875;1782.18115234375;1781.1636962890625;1868.13134765625;1978.6214599609375;2127.277587890625;2272.614013671875;2439.70654296875;2512.945556640625;2545.166748046875;2751.935302734375;2997.5751953125;3064.06494140625;2931.02392578125;3106.33203125;
United States;USA;Oil reserves;;;;;;;6414.47705078125;6731.2451171875;6988.7939453125;7457.9609375;7831.837890625;8176.19140625;8461.68359375;9119.9130859375;9655.255859375;9271.5068359375;9049.8388671875;9729.595703125;10271.533203125;10501.4140625;10257.833984375;9453.4716796875;8812.7548828125;8350.53125;8311.4755859375;8573.3173828125;8540.4384765625;8955.5888671875;9142.1533203125;9520.8837890625;9517.53125;9306.9130859375;9108.509765625;9297.38671875;9376.044921875;9619.7470703125;9597.52734375;9947.1396484375;10079.7685546875;10251.1123046875;10537.0927734375;10654.1337890625;10636.8486328125;10642.4130859375;10803.6826171875;11197.8671875;11214.078125;11070.9091796875;11001.755859375;10273.6953125;9737.244140625;9891.2275390625;9694.556640625;9472.587890625;9627.552734375;9693.265625;9890.71875;9961.576171875;10057.775390625;10299.73046875;10283.9326171875;9032.3974609375;9813.041015625;
Russian Federation;RUS;Oil reserves;;;;;;;;;;;;;;;;;;;;;;;;;;;;;;;;;15842759265.136719;15842759265.136719;15696459567.260742;15696459567.260742;15496026327.514648;15496026327.514648;15428475692.749023;15428475692.749023;15292079855.34668;15292079855.34668;15180661685.180664;14959977407.836914;14699377981.567383;14385245468.139648;14240816857.910156;14190199670.410156;14516647229.003906;14508344927.978516;14398922723.388672;14431168286.132812;14418768948.364258;14389052163.69629;14324239477.539062;14071555230.71289;13963977056.884766;14496986239.624023;14539085711.669922;14624914312.74414;14704497976.68457;14704497976.68457;;
Saudi Arabia;SAU;Oil reserves;;;;;;;;;;;;;;;;;;;;;;22919291833.496094;22894740832.51953;22572016717.529297;23030868182.373047;23421244915.771484;23391236749.26758;23153082049.560547;23131394915.771484;34780499383.54492;35470818334.96094;35510650231.93359;35591671032.71484;35628089599.609375;35648823498.53516;35651412634.27734;35661781665.03906;35660961633.30078;35674190368.65234;35674327734.375;35843737133.78906;35841281201.171875;35831869567.87109;35844557165.52734;35836373498.53516;36051883666.99219;36038380200.19531;36043837365.72266;36038109631.34766;36018191601.5625;36090075500.48828;36079981201.171875;36201241833.49609;36261940832.51953;36253619799.80469;36361239599.609375;36344460168.45703;36310772265.625;40368672265.625;40602323034.66797;40589639599.609375;40582683898.92578;;
China;CHN;Oil reserves;;;;;;;;;;;;;;;;;;;;;;1821297515.1062012;1812819084.1674805;1808509885.0250244;2029748308.1817627;2232130294.036865;2330761744.6899414;2340799848.9379883;2376563066.8640137;2357486662.2924805;2190378138.73291;2185089038.0859375;2116002144.6228027;2072340267.5628662;2241778414.916992;2217583055.8776855;2230830522.918701;2243028234.8632812;2321733330.5358887;2376473050.6896973;2061263204.9560547;2071956918.334961;2102128596.8780518;2115386730.5755615;2110885531.616211;2490510795.5932617;2489252910.6140137;2758049011.993408;2832005104.0649414;2889886544.7998047;2948643431.854248;3173756192.779541;3239069951.6296387;3331956757.3547363;3366694935.60791;3432704628.753662;3495449804.6875;3500544824.21875;3539334510.8032227;3572328300.476074;3541320069.885254;3541320069.885254;;
Iran, Islamic Rep.;IRN;Oil reserves;;;;;;;;;;;;;;;;;;;;;;7951574595.64209;7777528062.438965;7658587037.658691;7537054795.837402;8030413674.926758;8047600000;12666104083.251953;12666104083.251953;12666104083.251953;12666104083.251953;12664739791.870117;12666104083.251953;12666104083.251953;12666104083.251953;12862520416.259766;12780679583.740234;12630639791.870117;12630639791.870117;12780679583.740234;12698839791.870117;13575891833.496094;13514512249.75586;17826116333.007812;18175300000;18105736749.26758;18753636749.26758;18877759167.48047;18570859167.48047;18771367333.984375;18688163250.73242;20619587750.24414;21084712249.75586;21455720416.259766;21523920416.259766;21487091833.496094;21605759167.48047;21442079583.740234;21223840832.51953;21223840832.51953;21523920416.259766;21523920416.259766;;
Iraq;IRQ;Oil reserves;;;;;;;;;;;;;;;;;;;;;;4092000000;4364800000;8047600000;8866000000;8866000000;8866000000;9820800000;13640000000;13640000000;13640000000;13640000000;13640000000;13640000000;13640000000;13640000000;13640000000;15276800000;15345000000;15345000000;15345000000;15345000000;15686000000;15686000000;15686000000;15686000000;15686000000;15686000000;15686000000;15686000000;15686000000;15686000000;19518840832.51953;19136920416.259766;19670380200.195312;19514611633.30078;19437410015.86914;20291683282.470703;20081218182.373047;19780591217.041016;19780591217.041016;19780591217.041016;;
United Arab Emirates;ARE;Oil reserves;;;;;;;;;;;;;;;;;;;;;;4147923979.1870117;4388806221.008301;4413085612.487793;4411176020.812988;4431636228.942871;4499836228.942871;13258489599.609375;13381522457.885742;13381522457.885742;13381522457.885742;13380839791.870117;13380839791.870117;13380839791.870117;13380839791.870117;13380839791.870117;13380839791.870117;13339920416.259766;13339920416.259766;13339920416.259766;13339920416.259766;13339920416.259766;13339920416.259766;13339920416.259766;13339920416.259766;13339920416.259766;13339920416.259766;13339920416.259766;13339920416.259766;13339920416.259766;13339920416.259766;13339920416.259766;13339920416.259766;13339920416.259766;13339920416.259766;13339920416.259766;13339920416.259766;13339920416.259766;13339920416.259766;13339920416.259766;13339920416.259766;13339920416.259766;;
Kuwait;KWT;Oil reserves;;;;;;;;;;;;;;;;;;;;;;9265652041.625977;9238372457.885742;9159260208.129883;9138800000;12645643875.12207;12612089175.41504;12892801232.910156;12893210208.129883;12893210208.129883;13247850000;13234210208.129883;13162600000;13162600000;13162600000;13162600000;13162600000;13162600000;13162600000;13162600000;13162600000;13162600000;13162600000;13162600000;13503600000;13844600000;13844600000;13844600000;13844600000;13844600000;13844600000;13844600000;13844600000;13844600000;13844600000;13844600000;13844600000;13844600000;13844600000;13844600000;13844600000;13844600000;;
Canada;CAN;Oil reserves;;;;;;;;;;;;;;;;;;;;;;5391554142.76123;5479915684.509277;5498569845.581055;5523007936.096191;5528532743.835449;5584084690.856934;5606312962.341309;5619851811.218262;5656202215.576172;5632734010.314941;5496079051.208496;5469416572.570801;5406076405.334473;5387216716.003418;6567551460.266113;6597198521.42334;6675774316.40625;6656741879.272461;6795869421.386719;24764846105.95703;24757103674.316406;24680345373.535156;24606561248.779297;24538762939.453125;24494173193.359375;24558017034.91211;24464970489.501953;24392961712.646484;24054128344.726562;23872075054.93164;23849270263.671875;23757726416.015625;23694875354.003906;23602319995.117188;23482077117.91992;23394279608.154297;23260062890.625;23432386108.398438;23287871124.26758;23068637512.20703;22927150817.871094;;
United States;USA;Oil Consumption  TWh;;;;;;;6414.47705078125;6731.2451171875;6988.7939453125;7457.9609375;7831.837890625;8176.19140625;8461.68359375;9119.9130859375;9655.255859375;9271.5068359375;9049.8388671875;9729.595703125;10271.533203125;10501.4140625;10257.833984375;9453.4716796875;8812.7548828125;8350.53125;8311.4755859375;8573.3173828125;8540.4384765625;8955.5888671875;9142.1533203125;9520.8837890625;9517.53125;9306.9130859375;9108.509765625;9297.38671875;9376.044921875;9619.7470703125;9597.52734375;9947.1396484375;10079.7685546875;10251.1123046875;10537.0927734375;10654.1337890625;10636.8486328125;10642.4130859375;10803.6826171875;11197.8671875;11214.078125;11070.9091796875;11001.755859375;10273.6953125;9737.244140625;9891.2275390625;9694.556640625;9472.587890625;9627.552734375;9693.265625;9890.71875;9961.576171875;10057.775390625;10299.73046875;10283.9326171875;9032.3974609375;9813.041015625;
Russian Federation;RUS;Oil Consumption  TWh;;;;;;;;;;;;;;;;;;;;;;;;;;;2936.283935546875;2971.359130859375;2995.656005859375;2972.01171875;3027.455810546875;2984.632080078125;2908.478759765625;2777.47412109375;2316.02880859375;2046.037353515625;1785.4498291015625;1539.5093994140625;1526.9075927734375;1462.64111328125;1495.3160400390625;1465.80615234375;1509.421875;1456.2138671875;1509.1854248046875;1488.4771728515625;1493.8192138671875;1569.591552734375;1561.6669921875;1611.6494140625;1546.3187255859375;1604.919677734375;1721.7161865234375;1751.1739501953125;1748.8856201171875;1833.6129150390625;1761.9049072265625;1806.7877197265625;1799.7581787109375;1819.4935302734375;1858.5516357421875;1760.1290283203125;1862.9501953125;
Saudi Arabia;SAU;Oil Consumption  TWh;;;;;;;229.1355438232422;231.10159301757812;233.06764221191406;235.0585479736328;237.07052612304688;247.49395751953125;250.45640563964844;267.6435546875;283.9003601074219;297.7127685546875;227.51585388183594;265.0020446777344;306.6510009765625;331.40423583984375;400.6282958984375;327.538330078125;393.5257263183594;437.6914367675781;486.509033203125;542.3980712890625;551.1337890625;545.2589721679688;577.1380615234375;593.8245849609375;573.4452514648438;609.8970336914062;638.3372192382812;618.3812866210938;622.4703369140625;753.2654418945312;722.1708374023438;746.6578369140625;759.51904296875;807.7869873046875;836.5303344726562;861.6846313476562;912.1856689453125;942.5885009765625;998.4375;1078.32373046875;1081.90087890625;1132.6005859375;1202.923095703125;1330.5841064453125;1449.6260986328125;1593.1549072265625;1673.8184814453125;1760.6409912109375;1765.638916015625;1951.323974609375;2024.701416015625;2044.83642578125;1982.976318359375;1917.0562744140625;1884.200927734375;1816.589599609375;1830.65771484375;
China;CHN;Oil Consumption  TWh;;;;;;;129.06253051757812;165.79991149902344;163.69284057617188;179.03457641601562;240.04432678222656;332.0455627441406;451.5776672363281;519.6964721679688;633.9830932617188;729.072998046875;804.0782470703125;919.1864013671875;971.0416870117188;1076.6368408203125;1079.299560546875;972.5328979492188;921.5308227539062;911.7529907226562;930.0992431640625;964.8902587890625;1010.600341796875;1074.4205322265625;1142.2337646484375;1229.358154296875;1287.726806640625;1274.5723876953125;1379.143798828125;1495.9119873046875;1663.776123046875;1690.6385498046875;1825.6307373046875;2023.0286865234375;2221.545654296875;2287.590576171875;2437.244873046875;2626.89599609375;2683.249267578125;2895.597900390625;3234.762451171875;3777.772216796875;3838.487060546875;4116.76904296875;4313.5673828125;4408.091796875;4580.29833984375;5214.490234375;5390.73388671875;5654.2998046875;5907.4697265625;6142.5166015625;6609.8955078125;6823.578125;7183.171875;7534.662109375;7915.177734375;7984.45263671875;8499.5830078125;
Iran, Islamic Rep.;IRN;Oil Consumption  TWh;;;;;;;81.93970489501953;89.68451690673828;99.2054443359375;109.47245788574219;119.56593322753906;129.19635009765625;141.6466522216797;157.65855407714844;189.24191284179688;219.95901489257812;257.91961669921875;292.3251037597656;339.1593322753906;340.15069580078125;357.9211730957031;330.28472900390625;328.6183776855469;357.8790588378906;435.680419921875;471.6441345214844;518.3890380859375;478.29693603515625;498.8362121582031;500.27935791015625;536.6414794921875;553.211181640625;586.5464477539062;630.6393432617188;691.7041015625;714.4830322265625;702.6481323242188;737.4683227539062;758.1709594726562;736.0621337890625;752.2656860351562;775.711181640625;799.7440185546875;806.6087036132812;810.2835083007812;848.9063110351562;910.1544799804688;991.9343872070312;999.0738525390625;1029.7059326171875;1002.6773071289062;935.3784790039062;953.44091796875;982.4461669921875;1048.9322509765625;972.7606201171875;856.49658203125;849.546142578125;875.5689086914062;914.9714965820312;949.2357177734375;894.6365356445312;901.8779296875;
Iraq;IRQ;Oil Consumption  TWh;;;;;;;18.064800262451172;19.33100128173828;20.708927154541016;22.23212242126465;23.81018829345703;31.23763084411621;33.48013687133789;40.729270935058594;39.85892868041992;39.219146728515625;39.17350769042969;47.936946868896484;56.69448471069336;54.79533767700195;66.81039428710938;87.15145874023438;87.05760192871094;89.89552307128906;106.47716522216797;117.484619140625;133.38356018066406;148.50924682617188;151.35134887695312;164.53359985351562;186.9792938232422;186.1629638671875;125.08224487304688;197.36927795410156;268.42352294921875;303.7690124511719;300.1285705566406;301.8482666015625;369.4200744628906;265.85894775390625;183.1770782470703;283.28509521484375;323.3523864746094;306.86572265625;275.4603271484375;299.974609375;280.53448486328125;271.706298828125;243.8377685546875;273.0975036621094;263.08209228515625;299.03814697265625;318.9728698730469;351.5544738769531;390.68511962890625;367.53631591796875;355.36285400390625;391.62799072265625;407.95404052734375;484.7773742675781;409.0865173339844;357.75482177734375;409.943603515625;
United Arab Emirates;ARE;Oil Consumption  TWh;;;;;;;0.8545330762863159;0.9120411276817322;0.9802558422088623;1.0947130918502808;1.2164252996444702;1.4155911207199097;1.6705305576324463;2.1951498985290527;3.4256110191345215;4.745511054992676;7.674208164215088;11.275236129760742;16.67650032043457;18.403310775756836;25.050384521484375;60.18641662597656;65.38086700439453;72.39598846435547;72.50277709960938;82.79178619384766;102.96353149414062;124.55973052978516;136.38209533691406;163.6275177001953;171.78244018554688;180.0802001953125;222.3274383544922;223.8831787109375;231.98036193847656;243.2516326904297;243.1685028076172;234.9754180908203;238.70640563964844;237.8103790283203;232.0239715576172;229.3394012451172;226.6210174560547;235.306640625;260.5353088378906;281.555908203125;292.91925048828125;315.2577819824219;337.4020690917969;354.68756103515625;346.4915771484375;372.0712890625;399.3388671875;418.64892578125;464.93048095703125;463.55889892578125;495.46026611328125;542.7246704101562;537.4495849609375;533.7814331054688;520.45849609375;448.8256530761719;503.29364013671875;
Kuwait;KWT;Oil Consumption  TWh;;;;;;;61.96005630493164;60.27144241333008;58.63242721557617;57.05615234375;55.53031921386719;54.056026458740234;53.168792724609375;57.331783294677734;54.19715118408203;49.55657196044922;38.492835998535156;45.590457916259766;44.11576843261719;47.56355285644531;53.34272766113281;46.04956817626953;64.21076202392578;72.00997924804688;79.70098114013672;84.21019744873047;80.65509033203125;83.61339569091797;82.10620880126953;79.0136489868164;77.53028106689453;51.68767166137695;41.370697021484375;56.7852668762207;48.68290328979492;60.21950149536133;62.40876007080078;60.651100158691406;66.98625183105469;100.81920623779297;115.7291259765625;120.74285125732422;124.05458068847656;144.08128356933594;176.08961486816406;199.28773498535156;217.2430877685547;203.20848083496094;204.98568725585938;216.81239318847656;230.92213439941406;253.16436767578125;244.8292236328125;244.23980712890625;248.67034912109375;255.36822509765625;248.3665008544922;234.4189910888672;244.8182373046875;252.0275421142578;244.5890350341797;226.39584350585938;231.50823974609375;
Canada;CAN;Oil Consumption  TWh;;;;;;;642.8179931640625;677.26220703125;723.106201171875;769.7930908203125;801.5452880859375;854.8002319335938;877.8504028320312;924.3328857421875;1009.6328125;1027.001953125;1013.2218017578125;1037.8885498046875;1046.0140380859375;1079.692138671875;1121.5848388671875;1101.6031494140625;1043.3729248046875;947.2694091796875;890.6957397460938;899.1064453125;903.0234985351562;923.0650634765625;952.6294555664062;1002.7982788085938;1041.870849609375;962.8080444335938;912.6727294921875;936.4967041015625;948.5795288085938;968.8580322265625;1016.6470947265625;1041.771240234375;1073.6844482421875;1094.421875;1115.5517578125;1109.1815185546875;1140.463134765625;1183.0521240234375;1227.1873779296875;1280.9208984375;1245.670166015625;1256.646484375;1290.2415771484375;1245.3482666015625;1214.78515625;1269.00146484375;1271.1622314453125;1289.1195068359375;1283.073974609375;1281.8800048828125;1285.0430908203125;1281.8101806640625;1270.6673583984375;1315.2449951171875;1304.9493408203125;1142.513427734375;1158.2396240234375;
